"","Mean_AUC","Min_AUC","Mean_TSS","Min_TSS"
"Uku_Deep",0.782187478836973,0.703617125984252,0.506619656237376,0.344898293963255
