"","Mean_AUC","Min_AUC","Mean_TSS","Min_TSS"
"Uku_Shallow",0.757162035026777,0.661130409610653,0.430263424518744,0.274569402228977
