"","Aspect","BackScat","Depth","Rugosity","Slope"
"1",14.8948085760442,19.8859562264015,37.7101331969295,13.5729489114969,13.9361530891278
