"","Aspect","Depth","Max_WvHgt","Mean_WvHgt","Rugosity","Sand","Slope"
"1",13.7228100691304,25.9602556508472,23.4601263180028,2.70267161451933,8.49828566086553,15.8982005864756,9.75765010015916
